{
"lengthUnit": "mil",
"remark": [],
"components": {
	"fields": ["COMPONENT_NO", "COMPONENT_NAME", "LAYER", "X_COORDINATE", "Y_COORDINATE", "ANGLE"],
	"rows": [
		[1, "ServoMotor", "T", 5639.96, 189.187, 0],
		[2, "SW1", "T", 3320, 4360, 0],
		[3, "SW2", "T", 4320, 4345, 0],
		[4, "SW3", "T", 5370, 4375, 0],
		[5, "SW4", "T", 3370, 3620, 0],
		[6, "SW5", "T", 4345, 3500, 0],
		[7, "SW6", "T", 5415, 3535, 0],
		[8, "SW7", "T", 3430, 2670, 0],
		[9, "SW8", "T", 4385, 2620, 0],
		[10, "SW9", "T", 5485, 2645, 0],
		[11, "SW10", "T", 3440, 1670, 0],
		[12, "SW11", "T", 4405, 1660, 0],
		[13, "SW12", "T", 5570, 1675, 0],
		[14, "U1", "T", 2335, 3515, 270],
		[15, "U2", "T", 3755, -645, 0],
		[16, "U3", "T", 3075, 25, 0],
		[17, "U4", "T", 4330, -55, 0],
		[18, "PAD1", "T", 3195, 4310, 0],
		[19, "PAD1", "B", 3195, 4310, 0],
		[20, "PAD2", "T", 3445, 4410, 0],
		[21, "PAD2", "B", 3445, 4410, 0],
		[22, "PAD3", "T", 4195, 4295, 0],
		[23, "PAD3", "B", 4195, 4295, 0],
		[24, "PAD4", "T", 4445, 4395, 0],
		[25, "PAD4", "B", 4445, 4395, 0],
		[26, "PAD5", "T", 5245, 4325, 0],
		[27, "PAD5", "B", 5245, 4325, 0],
		[28, "PAD6", "T", 5495, 4425, 0],
		[29, "PAD6", "B", 5495, 4425, 0],
		[30, "PAD7", "T", 3245, 3570, 0],
		[31, "PAD7", "B", 3245, 3570, 0],
		[32, "PAD8", "T", 3495, 3670, 0],
		[33, "PAD8", "B", 3495, 3670, 0],
		[34, "PAD9", "T", 4220, 3450, 0],
		[35, "PAD9", "B", 4220, 3450, 0],
		[36, "PAD10", "T", 4470, 3550, 0],
		[37, "PAD10", "B", 4470, 3550, 0],
		[38, "PAD11", "T", 5290, 3485, 0],
		[39, "PAD11", "B", 5290, 3485, 0],
		[40, "PAD12", "T", 5540, 3585, 0],
		[41, "PAD12", "B", 5540, 3585, 0],
		[42, "PAD13", "T", 3305, 2620, 0],
		[43, "PAD13", "B", 3305, 2620, 0],
		[44, "PAD14", "T", 3555, 2720, 0],
		[45, "PAD14", "B", 3555, 2720, 0],
		[46, "PAD15", "T", 4260, 2570, 0],
		[47, "PAD15", "B", 4260, 2570, 0],
		[48, "PAD16", "T", 4510, 2670, 0],
		[49, "PAD16", "B", 4510, 2670, 0],
		[50, "PAD17", "T", 5360, 2595, 0],
		[51, "PAD17", "B", 5360, 2595, 0],
		[52, "PAD18", "T", 5610, 2695, 0],
		[53, "PAD18", "B", 5610, 2695, 0],
		[54, "PAD19", "T", 3315, 1620, 0],
		[55, "PAD19", "B", 3315, 1620, 0],
		[56, "PAD20", "T", 3565, 1720, 0],
		[57, "PAD20", "B", 3565, 1720, 0],
		[58, "PAD21", "T", 4280, 1610, 0],
		[59, "PAD21", "B", 4280, 1610, 0],
		[60, "PAD22", "T", 4530, 1710, 0],
		[61, "PAD22", "B", 4530, 1710, 0],
		[62, "PAD23", "T", 5445, 1625, 0],
		[63, "PAD23", "B", 5445, 1625, 0],
		[64, "PAD24", "T", 5695, 1725, 0],
		[65, "PAD24", "B", 5695, 1725, 0],
		[66, "PAD25", "T", 1953.505, 4461.655, 0],
		[67, "PAD26", "T", 2716.495, 4461.655, 0],
		[68, "PAD27", "T", 1953.505, 4361.655, 0],
		[69, "PAD28", "T", 2716.495, 4261.655, 0],
		[70, "PAD29", "T", 1953.505, 4161.655, 0],
		[71, "PAD30", "T", 1953.505, 4061.655, 0],
		[72, "PAD31", "T", 2716.495, 4061.655, 0],
		[73, "PAD32", "T", 1953.505, 3961.655, 0],
		[74, "PAD33", "T", 1953.505, 3861.655, 0],
		[75, "PAD34", "T", 1953.505, 3661.655, 0],
		[76, "PAD35", "T", 1953.505, 3561.655, 0],
		[77, "PAD36", "T", 1953.505, 3461.655, 0],
		[78, "PAD37", "T", 1953.505, 3361.655, 0],
		[79, "PAD38", "T", 2716.495, 3361.655, 0],
		[80, "PAD39", "T", 1953.505, 3161.655, 0],
		[81, "PAD40", "T", 2716.495, 3161.655, 0],
		[82, "PAD41", "T", 1953.505, 3061.655, 0],
		[83, "PAD42", "T", 2716.495, 3061.655, 0],
		[84, "PAD43", "T", 2716.495, 2961.655, 0],
		[85, "PAD44", "T", 2716.495, 2861.655, 0],
		[86, "PAD45", "T", 2716.495, 2661.655, 0],
		[87, "PAD46", "T", 2716.495, 2561.655, 0],
		[88, "PAD47", "T", 5539.96, 189.187, 0],
		[89, "PAD47", "B", 5539.96, 189.187, 0],
		[90, "PAD48", "T", 5639.96, 189.187, 0],
		[91, "PAD48", "B", 5639.96, 189.187, 0],
		[92, "PAD49", "T", 5739.96, 189.187, 0],
		[93, "PAD49", "B", 5739.96, 189.187, 0],
		[94, "PAD50", "T", 3005, -645, 0],
		[95, "PAD50", "B", 3005, -645, 0],
		[96, "PAD51", "T", 3105, -645, 0],
		[97, "PAD51", "B", 3105, -645, 0],
		[98, "PAD52", "T", 3205, -645, 0],
		[99, "PAD52", "B", 3205, -645, 0],
		[100, "PAD53", "T", 3305, -645, 0],
		[101, "PAD53", "B", 3305, -645, 0],
		[102, "PAD54", "T", 3505, -645, 0],
		[103, "PAD54", "B", 3505, -645, 0],
		[104, "PAD55", "T", 4005, -645, 0],
		[105, "PAD55", "B", 4005, -645, 0],
		[106, "PAD56", "T", 4105, -645, 0],
		[107, "PAD56", "B", 4105, -645, 0],
		[108, "PAD57", "T", 4205, -645, 0],
		[109, "PAD57", "B", 4205, -645, 0],
		[110, "PAD58", "T", 4305, -645, 0],
		[111, "PAD58", "B", 4305, -645, 0],
		[112, "PAD59", "T", 4405, -645, 0],
		[113, "PAD59", "B", 4405, -645, 0],
		[114, "PAD60", "T", 4505, -645, 0],
		[115, "PAD60", "B", 4505, -645, 0],
		[116, "PAD61", "T", 3010.04, 25, 0],
		[117, "PAD62", "T", 3139.96, 64.37, 0],
		[118, "PAD63", "T", 3139.96, -14.37, 0],
		[119, "PAD64", "T", 4398.9, -55, 0],
		[120, "PAD64", "B", 4398.9, -55, 0],
		[121, "PAD65", "T", 4261.1, -55, 0],
		[122, "PAD65", "B", 4261.1, -55, 0]
	]
},
"pins": {
	"fields": ["PIN_NO", "PIN_NAME", "PIN_X", "PIN_Y", "LAYER", "PIN_TYPE", "NET_NAME", "NET_TYPE", "PAD_SHAPE", "PAD_SIZEX", "PAD_SIZEY", "HOLE_SIZE", "HOLE_LEN", "PAD_ANGLE"],
	"rows": [
		[1, "ServoMotor_1", 5539.96, 189.187, "T", "DIP", "GND", "GND", "R", 66.929, 66.929, 43.308, 43.308, 0],
		[2, "ServoMotor_1", 5539.96, 189.187, "B", "DIP", "GND", "GND", "R", 66.929, 66.929, 43.308, 43.308, 0],
		[3, "ServoMotor_2", 5639.96, 189.187, "T", "DIP", "GP22", "", "C", 66.929, 66.929, 43.308, 43.308, 0],
		[4, "ServoMotor_2", 5639.96, 189.187, "B", "DIP", "GP22", "", "C", 66.929, 66.929, 43.308, 43.308, 0],
		[5, "ServoMotor_3", 5739.96, 189.187, "T", "DIP", "5.0V", "", "C", 66.929, 66.929, 43.308, 43.308, 0],
		[6, "ServoMotor_3", 5739.96, 189.187, "B", "DIP", "5.0V", "", "C", 66.929, 66.929, 43.308, 43.308, 0],
		[7, "SW1_1", 3195, 4310, "T", "DIP", "0", "", "C", 70, 70, 43.308, 43.308, 0],
		[8, "SW1_1", 3195, 4310, "B", "DIP", "0", "", "C", 70, 70, 43.308, 43.308, 0],
		[9, "SW1_2", 3445, 4410, "T", "DIP", "3.3V", "", "C", 70, 70, 43.308, 43.308, 0],
		[10, "SW1_2", 3445, 4410, "B", "DIP", "3.3V", "", "C", 70, 70, 43.308, 43.308, 0],
		[11, "SW2_1", 4195, 4295, "T", "DIP", "1", "", "C", 70, 70, 43.308, 43.308, 0],
		[12, "SW2_1", 4195, 4295, "B", "DIP", "1", "", "C", 70, 70, 43.308, 43.308, 0],
		[13, "SW2_2", 4445, 4395, "T", "DIP", "3.3V", "", "C", 70, 70, 43.308, 43.308, 0],
		[14, "SW2_2", 4445, 4395, "B", "DIP", "3.3V", "", "C", 70, 70, 43.308, 43.308, 0],
		[15, "SW3_1", 5245, 4325, "T", "DIP", "2", "", "C", 70, 70, 43.308, 43.308, 0],
		[16, "SW3_1", 5245, 4325, "B", "DIP", "2", "", "C", 70, 70, 43.308, 43.308, 0],
		[17, "SW3_2", 5495, 4425, "T", "DIP", "3.3V", "", "C", 70, 70, 43.308, 43.308, 0],
		[18, "SW3_2", 5495, 4425, "B", "DIP", "3.3V", "", "C", 70, 70, 43.308, 43.308, 0],
		[19, "SW4_1", 3245, 3570, "T", "DIP", "3", "", "C", 70, 70, 43.308, 43.308, 0],
		[20, "SW4_1", 3245, 3570, "B", "DIP", "3", "", "C", 70, 70, 43.308, 43.308, 0],
		[21, "SW4_2", 3495, 3670, "T", "DIP", "3.3V", "", "C", 70, 70, 43.308, 43.308, 0],
		[22, "SW4_2", 3495, 3670, "B", "DIP", "3.3V", "", "C", 70, 70, 43.308, 43.308, 0],
		[23, "SW5_1", 4220, 3450, "T", "DIP", "4", "", "C", 70, 70, 43.308, 43.308, 0],
		[24, "SW5_1", 4220, 3450, "B", "DIP", "4", "", "C", 70, 70, 43.308, 43.308, 0],
		[25, "SW5_2", 4470, 3550, "T", "DIP", "3.3V", "", "C", 70, 70, 43.308, 43.308, 0],
		[26, "SW5_2", 4470, 3550, "B", "DIP", "3.3V", "", "C", 70, 70, 43.308, 43.308, 0],
		[27, "SW6_1", 5290, 3485, "T", "DIP", "5", "", "C", 70, 70, 43.308, 43.308, 0],
		[28, "SW6_1", 5290, 3485, "B", "DIP", "5", "", "C", 70, 70, 43.308, 43.308, 0],
		[29, "SW6_2", 5540, 3585, "T", "DIP", "3.3V", "", "C", 70, 70, 43.308, 43.308, 0],
		[30, "SW6_2", 5540, 3585, "B", "DIP", "3.3V", "", "C", 70, 70, 43.308, 43.308, 0],
		[31, "SW7_1", 3305, 2620, "T", "DIP", "6", "", "C", 70, 70, 43.308, 43.308, 0],
		[32, "SW7_1", 3305, 2620, "B", "DIP", "6", "", "C", 70, 70, 43.308, 43.308, 0],
		[33, "SW7_2", 3555, 2720, "T", "DIP", "3.3V", "", "C", 70, 70, 43.308, 43.308, 0],
		[34, "SW7_2", 3555, 2720, "B", "DIP", "3.3V", "", "C", 70, 70, 43.308, 43.308, 0],
		[35, "SW8_1", 4260, 2570, "T", "DIP", "7", "", "C", 70, 70, 43.308, 43.308, 0],
		[36, "SW8_1", 4260, 2570, "B", "DIP", "7", "", "C", 70, 70, 43.308, 43.308, 0],
		[37, "SW8_2", 4510, 2670, "T", "DIP", "3.3V", "", "C", 70, 70, 43.308, 43.308, 0],
		[38, "SW8_2", 4510, 2670, "B", "DIP", "3.3V", "", "C", 70, 70, 43.308, 43.308, 0],
		[39, "SW9_1", 5360, 2595, "T", "DIP", "8", "", "C", 70, 70, 43.308, 43.308, 0],
		[40, "SW9_1", 5360, 2595, "B", "DIP", "8", "", "C", 70, 70, 43.308, 43.308, 0],
		[41, "SW9_2", 5610, 2695, "T", "DIP", "3.3V", "", "C", 70, 70, 43.308, 43.308, 0],
		[42, "SW9_2", 5610, 2695, "B", "DIP", "3.3V", "", "C", 70, 70, 43.308, 43.308, 0],
		[43, "SW10_1", 3315, 1620, "T", "DIP", "9", "", "C", 70, 70, 43.308, 43.308, 0],
		[44, "SW10_1", 3315, 1620, "B", "DIP", "9", "", "C", 70, 70, 43.308, 43.308, 0],
		[45, "SW10_2", 3565, 1720, "T", "DIP", "3.3V", "", "C", 70, 70, 43.308, 43.308, 0],
		[46, "SW10_2", 3565, 1720, "B", "DIP", "3.3V", "", "C", 70, 70, 43.308, 43.308, 0],
		[47, "SW11_1", 4280, 1610, "T", "DIP", "10", "", "C", 70, 70, 43.308, 43.308, 0],
		[48, "SW11_1", 4280, 1610, "B", "DIP", "10", "", "C", 70, 70, 43.308, 43.308, 0],
		[49, "SW11_2", 4530, 1710, "T", "DIP", "3.3V", "", "C", 70, 70, 43.308, 43.308, 0],
		[50, "SW11_2", 4530, 1710, "B", "DIP", "3.3V", "", "C", 70, 70, 43.308, 43.308, 0],
		[51, "SW12_1", 5445, 1625, "T", "DIP", "11", "", "C", 70, 70, 43.308, 43.308, 0],
		[52, "SW12_1", 5445, 1625, "B", "DIP", "11", "", "C", 70, 70, 43.308, 43.308, 0],
		[53, "SW12_2", 5695, 1725, "T", "DIP", "3.3V", "", "C", 70, 70, 43.308, 43.308, 0],
		[54, "SW12_2", 5695, 1725, "B", "DIP", "3.3V", "", "C", 70, 70, 43.308, 43.308, 0],
		[55, "U1_1", 1953.505, 4461.655, "T", "SMD", "0", "", "R", 62.992, 125.984, 0, 0, 270],
		[56, "U1_2", 1953.505, 4361.655, "T", "SMD", "1", "", "R", 62.992, 125.984, 0, 0, 270],
		[57, "U1_3", 1953.505, 4261.655, "T", "SMD", "NET_1", "", "R", 62.992, 125.984, 0, 0, 270],
		[58, "U1_4", 1953.505, 4161.655, "T", "SMD", "2", "", "R", 62.992, 125.984, 0, 0, 270],
		[59, "U1_5", 1953.505, 4061.655, "T", "SMD", "3", "", "R", 62.992, 125.984, 0, 0, 270],
		[60, "U1_6", 1953.505, 3961.655, "T", "SMD", "4", "", "R", 62.992, 125.984, 0, 0, 270],
		[61, "U1_7", 1953.505, 3861.655, "T", "SMD", "5", "", "R", 62.992, 125.984, 0, 0, 270],
		[62, "U1_8", 1953.505, 3761.655, "T", "SMD", "NET_2", "", "R", 62.992, 125.984, 0, 0, 270],
		[63, "U1_9", 1953.505, 3661.655, "T", "SMD", "6", "", "R", 62.992, 125.984, 0, 0, 270],
		[64, "U1_10", 1953.505, 3561.655, "T", "SMD", "7", "", "R", 62.992, 125.984, 0, 0, 270],
		[65, "U1_11", 1953.505, 3461.655, "T", "SMD", "8", "", "R", 62.992, 125.984, 0, 0, 270],
		[66, "U1_12", 1953.505, 3361.655, "T", "SMD", "9", "", "R", 62.992, 125.984, 0, 0, 270],
		[67, "U1_13", 1953.505, 3261.655, "T", "SMD", "NET_3", "", "R", 62.992, 125.984, 0, 0, 270],
		[68, "U1_14", 1953.505, 3161.655, "T", "SMD", "10", "", "R", 62.992, 125.984, 0, 0, 270],
		[69, "U1_15", 1953.505, 3061.655, "T", "SMD", "11", "", "R", 62.992, 125.984, 0, 0, 270],
		[70, "U1_16", 1953.505, 2961.655, "T", "SMD", "NET_4", "", "R", 62.992, 125.984, 0, 0, 270],
		[71, "U1_17", 1953.505, 2861.655, "T", "SMD", "NET_5", "", "R", 62.992, 125.984, 0, 0, 270],
		[72, "U1_18", 1953.505, 2761.655, "T", "SMD", "NET_6", "", "R", 62.992, 125.984, 0, 0, 270],
		[73, "U1_19", 1953.505, 2661.655, "T", "SMD", "NET_7", "", "R", 62.992, 125.984, 0, 0, 270],
		[74, "U1_20", 1953.505, 2561.655, "T", "SMD", "NET_8", "", "R", 62.992, 125.984, 0, 0, 270],
		[75, "U1_21", 2716.495, 2561.655, "T", "SMD", "GP16", "", "R", 62.992, 125.984, 0, 0, 270],
		[76, "U1_22", 2716.495, 2661.655, "T", "SMD", "GP17", "", "R", 62.992, 125.984, 0, 0, 270],
		[77, "U1_23", 2716.495, 2761.655, "T", "SMD", "NET_9", "", "R", 62.992, 125.984, 0, 0, 270],
		[78, "U1_24", 2716.495, 2861.655, "T", "SMD", "GP18", "", "R", 62.992, 125.984, 0, 0, 270],
		[79, "U1_25", 2716.495, 2961.655, "T", "SMD", "GP19", "", "R", 62.992, 125.984, 0, 0, 270],
		[80, "U1_26", 2716.495, 3061.655, "T", "SMD", "GP20", "", "R", 62.992, 125.984, 0, 0, 270],
		[81, "U1_27", 2716.495, 3161.655, "T", "SMD", "GP21", "", "R", 62.992, 125.984, 0, 0, 270],
		[82, "U1_28", 2716.495, 3261.655, "T", "SMD", "NET_10", "", "R", 62.992, 125.984, 0, 0, 270],
		[83, "U1_29", 2716.495, 3361.655, "T", "SMD", "GP22", "", "R", 62.992, 125.984, 0, 0, 270],
		[84, "U1_30", 2716.495, 3461.655, "T", "SMD", "NET_11", "", "R", 62.992, 125.984, 0, 0, 270],
		[85, "U1_31", 2716.495, 3561.655, "T", "SMD", "NET_12", "", "R", 62.992, 125.984, 0, 0, 270],
		[86, "U1_32", 2716.495, 3661.655, "T", "SMD", "NET_13", "", "R", 62.992, 125.984, 0, 0, 270],
		[87, "U1_33", 2716.495, 3761.655, "T", "SMD", "NET_14", "", "R", 62.992, 125.984, 0, 0, 270],
		[88, "U1_34", 2716.495, 3861.655, "T", "SMD", "NET_15", "", "R", 62.992, 125.984, 0, 0, 270],
		[89, "U1_35", 2716.495, 3961.655, "T", "SMD", "NET_16", "", "R", 62.992, 125.984, 0, 0, 270],
		[90, "U1_36", 2716.495, 4061.655, "T", "SMD", "3.3V", "", "R", 62.992, 125.984, 0, 0, 270],
		[91, "U1_37", 2716.495, 4161.655, "T", "SMD", "NET_17", "", "R", 62.992, 125.984, 0, 0, 270],
		[92, "U1_38", 2716.495, 4261.655, "T", "SMD", "GND", "GND", "R", 62.992, 125.984, 0, 0, 270],
		[93, "U1_39", 2716.495, 4361.655, "T", "SMD", "NET_18", "", "R", 62.992, 125.984, 0, 0, 270],
		[94, "U1_40", 2716.495, 4461.655, "T", "SMD", "5.0V", "", "R", 62.992, 125.984, 0, 0, 270],
		[95, "U1_TP1", 2335.005, 4338.425, "T", "SMD", "NET_19", "", "R", 59.055, 59.055, 0, 0, 270],
		[96, "U1_TP2", 2374.375, 4468.345, "T", "SMD", "NET_20", "", "R", 59.055, 59.055, 0, 0, 270],
		[97, "U1_TP3", 2295.635, 4468.345, "T", "SMD", "NET_21", "", "R", 59.055, 59.055, 0, 0, 270],
		[98, "U1_TP4", 2236.585, 4141.575, "T", "SMD", "NET_22", "", "R", 59.055, 59.055, 0, 0, 270],
		[99, "U1_TP5", 2236.585, 4043.155, "T", "SMD", "NET_23", "", "R", 59.055, 59.055, 0, 0, 270],
		[100, "U1_TP6", 2236.585, 3944.725, "T", "SMD", "NET_24", "", "R", 59.055, 59.055, 0, 0, 270],
		[101, "U2_1", 3005, -645, "T", "DIP", "GND", "GND", "R", 62.992, 62.992, 43.308, 43.308, 0],
		[102, "U2_1", 3005, -645, "B", "DIP", "GND", "GND", "R", 62.992, 62.992, 43.308, 43.308, 0],
		[103, "U2_2", 3105, -645, "T", "DIP", "5.0V", "", "C", 62.992, 62.992, 43.308, 43.308, 0],
		[104, "U2_2", 3105, -645, "B", "DIP", "5.0V", "", "C", 62.992, 62.992, 43.308, 43.308, 0],
		[105, "U2_3", 3205, -645, "T", "DIP", "MIDPOT", "", "C", 62.992, 62.992, 43.308, 43.308, 0],
		[106, "U2_3", 3205, -645, "B", "DIP", "MIDPOT", "", "C", 62.992, 62.992, 43.308, 43.308, 0],
		[107, "U2_4", 3305, -645, "T", "DIP", "GP16", "", "C", 62.992, 62.992, 43.308, 43.308, 0],
		[108, "U2_4", 3305, -645, "B", "DIP", "GP16", "", "C", 62.992, 62.992, 43.308, 43.308, 0],
		[109, "U2_5", 3405, -645, "T", "DIP", "NET_25", "", "C", 62.992, 62.992, 43.308, 43.308, 0],
		[110, "U2_5", 3405, -645, "B", "DIP", "NET_25", "", "C", 62.992, 62.992, 43.308, 43.308, 0],
		[111, "U2_6", 3505, -645, "T", "DIP", "GP17", "", "C", 62.992, 62.992, 43.308, 43.308, 0],
		[112, "U2_6", 3505, -645, "B", "DIP", "GP17", "", "C", 62.992, 62.992, 43.308, 43.308, 0],
		[113, "U2_7", 3605, -645, "T", "DIP", "NET_26", "", "C", 62.992, 62.992, 43.308, 43.308, 0],
		[114, "U2_7", 3605, -645, "B", "DIP", "NET_26", "", "C", 62.992, 62.992, 43.308, 43.308, 0],
		[115, "U2_8", 3705, -645, "T", "DIP", "NET_27", "", "C", 62.992, 62.992, 43.308, 43.308, 0],
		[116, "U2_8", 3705, -645, "B", "DIP", "NET_27", "", "C", 62.992, 62.992, 43.308, 43.308, 0],
		[117, "U2_9", 3805, -645, "T", "DIP", "NET_28", "", "C", 62.992, 62.992, 43.308, 43.308, 0],
		[118, "U2_9", 3805, -645, "B", "DIP", "NET_28", "", "C", 62.992, 62.992, 43.308, 43.308, 0],
		[119, "U2_10", 3905, -645, "T", "DIP", "NET_29", "", "C", 62.992, 62.992, 43.308, 43.308, 0],
		[120, "U2_10", 3905, -645, "B", "DIP", "NET_29", "", "C", 62.992, 62.992, 43.308, 43.308, 0],
		[121, "U2_11", 4005, -645, "T", "DIP", "GP18", "", "C", 62.992, 62.992, 43.308, 43.308, 0],
		[122, "U2_11", 4005, -645, "B", "DIP", "GP18", "", "C", 62.992, 62.992, 43.308, 43.308, 0],
		[123, "U2_12", 4105, -645, "T", "DIP", "GP19", "", "C", 62.992, 62.992, 43.308, 43.308, 0],
		[124, "U2_12", 4105, -645, "B", "DIP", "GP19", "", "C", 62.992, 62.992, 43.308, 43.308, 0],
		[125, "U2_13", 4205, -645, "T", "DIP", "GP20", "", "C", 62.992, 62.992, 43.308, 43.308, 0],
		[126, "U2_13", 4205, -645, "B", "DIP", "GP20", "", "C", 62.992, 62.992, 43.308, 43.308, 0],
		[127, "U2_14", 4305, -645, "T", "DIP", "GP21", "", "C", 62.992, 62.992, 43.308, 43.308, 0],
		[128, "U2_14", 4305, -645, "B", "DIP", "GP21", "", "C", 62.992, 62.992, 43.308, 43.308, 0],
		[129, "U2_15", 4405, -645, "T", "DIP", "5.0V", "", "C", 62.992, 62.992, 43.308, 43.308, 0],
		[130, "U2_15", 4405, -645, "B", "DIP", "5.0V", "", "C", 62.992, 62.992, 43.308, 43.308, 0],
		[131, "U2_16", 4505, -645, "T", "DIP", "GND", "GND", "C", 62.992, 62.992, 43.308, 43.308, 0],
		[132, "U2_16", 4505, -645, "B", "DIP", "GND", "GND", "C", 62.992, 62.992, 43.308, 43.308, 0],
		[133, "U3_1", 3139.96, -14.37, "T", "SMD", "GND", "GND", "R", 47.24, 59.055, 0, 0, 90],
		[134, "U3_2", 3010.04, 25, "T", "SMD", "MIDPOT", "", "R", 62.992, 62.992, 0, 0, 90],
		[135, "U3_3", 3139.96, 64.37, "T", "SMD", "5.0V", "", "R", 47.24, 59.055, 0, 0, 90],
		[136, "U4_1", 4261.1, -55, "T", "DIP", "5.0V", "", "C", 62.992, 62.992, 39.37, 39.37, 90],
		[137, "U4_1", 4261.1, -55, "B", "DIP", "5.0V", "", "C", 62.992, 62.992, 39.37, 39.37, 90],
		[138, "U4_2", 4398.9, -55, "T", "DIP", "GND", "GND", "C", 62.992, 62.992, 39.37, 39.37, 90],
		[139, "U4_2", 4398.9, -55, "B", "DIP", "GND", "GND", "C", 62.992, 62.992, 39.37, 39.37, 90],
		[140, "PAD1_1", 3195, 4310, "T", "DIP", "0", "", "C", 70, 70, 43.308, 43.308, 0],
		[141, "PAD1_1", 3195, 4310, "B", "DIP", "0", "", "C", 70, 70, 43.308, 43.308, 0],
		[142, "PAD2_2", 3445, 4410, "T", "DIP", "3.3V", "", "C", 70, 70, 43.308, 43.308, 0],
		[143, "PAD2_2", 3445, 4410, "B", "DIP", "3.3V", "", "C", 70, 70, 43.308, 43.308, 0],
		[144, "PAD3_1", 4195, 4295, "T", "DIP", "1", "", "C", 70, 70, 43.308, 43.308, 0],
		[145, "PAD3_1", 4195, 4295, "B", "DIP", "1", "", "C", 70, 70, 43.308, 43.308, 0],
		[146, "PAD4_2", 4445, 4395, "T", "DIP", "3.3V", "", "C", 70, 70, 43.308, 43.308, 0],
		[147, "PAD4_2", 4445, 4395, "B", "DIP", "3.3V", "", "C", 70, 70, 43.308, 43.308, 0],
		[148, "PAD5_1", 5245, 4325, "T", "DIP", "2", "", "C", 70, 70, 43.308, 43.308, 0],
		[149, "PAD5_1", 5245, 4325, "B", "DIP", "2", "", "C", 70, 70, 43.308, 43.308, 0],
		[150, "PAD6_2", 5495, 4425, "T", "DIP", "3.3V", "", "C", 70, 70, 43.308, 43.308, 0],
		[151, "PAD6_2", 5495, 4425, "B", "DIP", "3.3V", "", "C", 70, 70, 43.308, 43.308, 0],
		[152, "PAD7_1", 3245, 3570, "T", "DIP", "3", "", "C", 70, 70, 43.308, 43.308, 0],
		[153, "PAD7_1", 3245, 3570, "B", "DIP", "3", "", "C", 70, 70, 43.308, 43.308, 0],
		[154, "PAD8_2", 3495, 3670, "T", "DIP", "3.3V", "", "C", 70, 70, 43.308, 43.308, 0],
		[155, "PAD8_2", 3495, 3670, "B", "DIP", "3.3V", "", "C", 70, 70, 43.308, 43.308, 0],
		[156, "PAD9_1", 4220, 3450, "T", "DIP", "4", "", "C", 70, 70, 43.308, 43.308, 0],
		[157, "PAD9_1", 4220, 3450, "B", "DIP", "4", "", "C", 70, 70, 43.308, 43.308, 0],
		[158, "PAD10_2", 4470, 3550, "T", "DIP", "3.3V", "", "C", 70, 70, 43.308, 43.308, 0],
		[159, "PAD10_2", 4470, 3550, "B", "DIP", "3.3V", "", "C", 70, 70, 43.308, 43.308, 0],
		[160, "PAD11_1", 5290, 3485, "T", "DIP", "5", "", "C", 70, 70, 43.308, 43.308, 0],
		[161, "PAD11_1", 5290, 3485, "B", "DIP", "5", "", "C", 70, 70, 43.308, 43.308, 0],
		[162, "PAD12_2", 5540, 3585, "T", "DIP", "3.3V", "", "C", 70, 70, 43.308, 43.308, 0],
		[163, "PAD12_2", 5540, 3585, "B", "DIP", "3.3V", "", "C", 70, 70, 43.308, 43.308, 0],
		[164, "PAD13_1", 3305, 2620, "T", "DIP", "6", "", "C", 70, 70, 43.308, 43.308, 0],
		[165, "PAD13_1", 3305, 2620, "B", "DIP", "6", "", "C", 70, 70, 43.308, 43.308, 0],
		[166, "PAD14_2", 3555, 2720, "T", "DIP", "3.3V", "", "C", 70, 70, 43.308, 43.308, 0],
		[167, "PAD14_2", 3555, 2720, "B", "DIP", "3.3V", "", "C", 70, 70, 43.308, 43.308, 0],
		[168, "PAD15_1", 4260, 2570, "T", "DIP", "7", "", "C", 70, 70, 43.308, 43.308, 0],
		[169, "PAD15_1", 4260, 2570, "B", "DIP", "7", "", "C", 70, 70, 43.308, 43.308, 0],
		[170, "PAD16_2", 4510, 2670, "T", "DIP", "3.3V", "", "C", 70, 70, 43.308, 43.308, 0],
		[171, "PAD16_2", 4510, 2670, "B", "DIP", "3.3V", "", "C", 70, 70, 43.308, 43.308, 0],
		[172, "PAD17_1", 5360, 2595, "T", "DIP", "8", "", "C", 70, 70, 43.308, 43.308, 0],
		[173, "PAD17_1", 5360, 2595, "B", "DIP", "8", "", "C", 70, 70, 43.308, 43.308, 0],
		[174, "PAD18_2", 5610, 2695, "T", "DIP", "3.3V", "", "C", 70, 70, 43.308, 43.308, 0],
		[175, "PAD18_2", 5610, 2695, "B", "DIP", "3.3V", "", "C", 70, 70, 43.308, 43.308, 0],
		[176, "PAD19_1", 3315, 1620, "T", "DIP", "9", "", "C", 70, 70, 43.308, 43.308, 0],
		[177, "PAD19_1", 3315, 1620, "B", "DIP", "9", "", "C", 70, 70, 43.308, 43.308, 0],
		[178, "PAD20_2", 3565, 1720, "T", "DIP", "3.3V", "", "C", 70, 70, 43.308, 43.308, 0],
		[179, "PAD20_2", 3565, 1720, "B", "DIP", "3.3V", "", "C", 70, 70, 43.308, 43.308, 0],
		[180, "PAD21_1", 4280, 1610, "T", "DIP", "10", "", "C", 70, 70, 43.308, 43.308, 0],
		[181, "PAD21_1", 4280, 1610, "B", "DIP", "10", "", "C", 70, 70, 43.308, 43.308, 0],
		[182, "PAD22_2", 4530, 1710, "T", "DIP", "3.3V", "", "C", 70, 70, 43.308, 43.308, 0],
		[183, "PAD22_2", 4530, 1710, "B", "DIP", "3.3V", "", "C", 70, 70, 43.308, 43.308, 0],
		[184, "PAD23_1", 5445, 1625, "T", "DIP", "11", "", "C", 70, 70, 43.308, 43.308, 0],
		[185, "PAD23_1", 5445, 1625, "B", "DIP", "11", "", "C", 70, 70, 43.308, 43.308, 0],
		[186, "PAD24_2", 5695, 1725, "T", "DIP", "3.3V", "", "C", 70, 70, 43.308, 43.308, 0],
		[187, "PAD24_2", 5695, 1725, "B", "DIP", "3.3V", "", "C", 70, 70, 43.308, 43.308, 0],
		[188, "PAD25_1", 1953.505, 4461.655, "T", "SMD", "0", "", "R", 62.992, 125.984, 0, 0, 270],
		[189, "PAD26_40", 2716.495, 4461.655, "T", "SMD", "5.0V", "", "R", 62.992, 125.984, 0, 0, 270],
		[190, "PAD27_2", 1953.505, 4361.655, "T", "SMD", "1", "", "R", 62.992, 125.984, 0, 0, 270],
		[191, "PAD28_38", 2716.495, 4261.655, "T", "SMD", "GND", "GND", "R", 62.992, 125.984, 0, 0, 270],
		[192, "PAD29_4", 1953.505, 4161.655, "T", "SMD", "2", "", "R", 62.992, 125.984, 0, 0, 270],
		[193, "PAD30_5", 1953.505, 4061.655, "T", "SMD", "3", "", "R", 62.992, 125.984, 0, 0, 270],
		[194, "PAD31_36", 2716.495, 4061.655, "T", "SMD", "3.3V", "", "R", 62.992, 125.984, 0, 0, 270],
		[195, "PAD32_6", 1953.505, 3961.655, "T", "SMD", "4", "", "R", 62.992, 125.984, 0, 0, 270],
		[196, "PAD33_7", 1953.505, 3861.655, "T", "SMD", "5", "", "R", 62.992, 125.984, 0, 0, 270],
		[197, "PAD34_9", 1953.505, 3661.655, "T", "SMD", "6", "", "R", 62.992, 125.984, 0, 0, 270],
		[198, "PAD35_10", 1953.505, 3561.655, "T", "SMD", "7", "", "R", 62.992, 125.984, 0, 0, 270],
		[199, "PAD36_11", 1953.505, 3461.655, "T", "SMD", "8", "", "R", 62.992, 125.984, 0, 0, 270],
		[200, "PAD37_12", 1953.505, 3361.655, "T", "SMD", "9", "", "R", 62.992, 125.984, 0, 0, 270],
		[201, "PAD38_29", 2716.495, 3361.655, "T", "SMD", "GP22", "", "R", 62.992, 125.984, 0, 0, 270],
		[202, "PAD39_14", 1953.505, 3161.655, "T", "SMD", "10", "", "R", 62.992, 125.984, 0, 0, 270],
		[203, "PAD40_27", 2716.495, 3161.655, "T", "SMD", "GP21", "", "R", 62.992, 125.984, 0, 0, 270],
		[204, "PAD41_15", 1953.505, 3061.655, "T", "SMD", "11", "", "R", 62.992, 125.984, 0, 0, 270],
		[205, "PAD42_26", 2716.495, 3061.655, "T", "SMD", "GP20", "", "R", 62.992, 125.984, 0, 0, 270],
		[206, "PAD43_25", 2716.495, 2961.655, "T", "SMD", "GP19", "", "R", 62.992, 125.984, 0, 0, 270],
		[207, "PAD44_24", 2716.495, 2861.655, "T", "SMD", "GP18", "", "R", 62.992, 125.984, 0, 0, 270],
		[208, "PAD45_22", 2716.495, 2661.655, "T", "SMD", "GP17", "", "R", 62.992, 125.984, 0, 0, 270],
		[209, "PAD46_21", 2716.495, 2561.655, "T", "SMD", "GP16", "", "R", 62.992, 125.984, 0, 0, 270],
		[210, "PAD47_1", 5539.96, 189.187, "T", "DIP", "GND", "GND", "R", 66.929, 66.929, 43.308, 43.308, 0],
		[211, "PAD47_1", 5539.96, 189.187, "B", "DIP", "GND", "GND", "R", 66.929, 66.929, 43.308, 43.308, 0],
		[212, "PAD48_2", 5639.96, 189.187, "T", "DIP", "GP22", "", "C", 66.929, 66.929, 43.308, 43.308, 0],
		[213, "PAD48_2", 5639.96, 189.187, "B", "DIP", "GP22", "", "C", 66.929, 66.929, 43.308, 43.308, 0],
		[214, "PAD49_3", 5739.96, 189.187, "T", "DIP", "5.0V", "", "C", 66.929, 66.929, 43.308, 43.308, 0],
		[215, "PAD49_3", 5739.96, 189.187, "B", "DIP", "5.0V", "", "C", 66.929, 66.929, 43.308, 43.308, 0],
		[216, "PAD50_1", 3005, -645, "T", "DIP", "GND", "GND", "R", 62.992, 62.992, 43.308, 43.308, 0],
		[217, "PAD50_1", 3005, -645, "B", "DIP", "GND", "GND", "R", 62.992, 62.992, 43.308, 43.308, 0],
		[218, "PAD51_2", 3105, -645, "T", "DIP", "5.0V", "", "C", 62.992, 62.992, 43.308, 43.308, 0],
		[219, "PAD51_2", 3105, -645, "B", "DIP", "5.0V", "", "C", 62.992, 62.992, 43.308, 43.308, 0],
		[220, "PAD52_3", 3205, -645, "T", "DIP", "MIDPOT", "", "C", 62.992, 62.992, 43.308, 43.308, 0],
		[221, "PAD52_3", 3205, -645, "B", "DIP", "MIDPOT", "", "C", 62.992, 62.992, 43.308, 43.308, 0],
		[222, "PAD53_4", 3305, -645, "T", "DIP", "GP16", "", "C", 62.992, 62.992, 43.308, 43.308, 0],
		[223, "PAD53_4", 3305, -645, "B", "DIP", "GP16", "", "C", 62.992, 62.992, 43.308, 43.308, 0],
		[224, "PAD54_6", 3505, -645, "T", "DIP", "GP17", "", "C", 62.992, 62.992, 43.308, 43.308, 0],
		[225, "PAD54_6", 3505, -645, "B", "DIP", "GP17", "", "C", 62.992, 62.992, 43.308, 43.308, 0],
		[226, "PAD55_11", 4005, -645, "T", "DIP", "GP18", "", "C", 62.992, 62.992, 43.308, 43.308, 0],
		[227, "PAD55_11", 4005, -645, "B", "DIP", "GP18", "", "C", 62.992, 62.992, 43.308, 43.308, 0],
		[228, "PAD56_12", 4105, -645, "T", "DIP", "GP19", "", "C", 62.992, 62.992, 43.308, 43.308, 0],
		[229, "PAD56_12", 4105, -645, "B", "DIP", "GP19", "", "C", 62.992, 62.992, 43.308, 43.308, 0],
		[230, "PAD57_13", 4205, -645, "T", "DIP", "GP20", "", "C", 62.992, 62.992, 43.308, 43.308, 0],
		[231, "PAD57_13", 4205, -645, "B", "DIP", "GP20", "", "C", 62.992, 62.992, 43.308, 43.308, 0],
		[232, "PAD58_14", 4305, -645, "T", "DIP", "GP21", "", "C", 62.992, 62.992, 43.308, 43.308, 0],
		[233, "PAD58_14", 4305, -645, "B", "DIP", "GP21", "", "C", 62.992, 62.992, 43.308, 43.308, 0],
		[234, "PAD59_15", 4405, -645, "T", "DIP", "5.0V", "", "C", 62.992, 62.992, 43.308, 43.308, 0],
		[235, "PAD59_15", 4405, -645, "B", "DIP", "5.0V", "", "C", 62.992, 62.992, 43.308, 43.308, 0],
		[236, "PAD60_16", 4505, -645, "T", "DIP", "GND", "GND", "C", 62.992, 62.992, 43.308, 43.308, 0],
		[237, "PAD60_16", 4505, -645, "B", "DIP", "GND", "GND", "C", 62.992, 62.992, 43.308, 43.308, 0],
		[238, "PAD61_2", 3010.04, 25, "T", "SMD", "MIDPOT", "", "R", 62.992, 62.992, 0, 0, 90],
		[239, "PAD62_3", 3139.96, 64.37, "T", "SMD", "5.0V", "", "R", 47.24, 59.055, 0, 0, 90],
		[240, "PAD63_1", 3139.96, -14.37, "T", "SMD", "GND", "GND", "R", 47.24, 59.055, 0, 0, 90],
		[241, "PAD64_2", 4398.9, -55, "T", "DIP", "GND", "GND", "C", 62.992, 62.992, 39.37, 39.37, 90],
		[242, "PAD64_2", 4398.9, -55, "B", "DIP", "GND", "GND", "C", 62.992, 62.992, 39.37, 39.37, 90],
		[243, "PAD65_1", 4261.1, -55, "T", "DIP", "5.0V", "", "C", 62.992, 62.992, 39.37, 39.37, 90],
		[244, "PAD65_1", 4261.1, -55, "B", "DIP", "5.0V", "", "C", 62.992, 62.992, 39.37, 39.37, 90]
	]
}
}